{"[0, 0]": {"d": 32.50141391179989, "r": 31.419264290209174, "s": 31.425274819222285}, "[1, 0]": {"d": 35.10000000000565, "r": 35.10000000000571, "u": 35.10000000000561, "s": 35.10000000000569}, "[2, 0]": {"d": 44.99999999999963, "r": 44.99999999999963, "u": 44.99999999999963, "s": 44.99999999999963}, "[3, 0]": {"d": 53.09611384432348, "r": 53.09519484154027, "u": 53.099757695613924, "s": 53.09812251722566}, "[4, 0]": {"d": 33.8858971884606, "r": 54.466417206211396, "u": 40.03362797796578, "s": 39.24237589913933}, "[5, 0]": {"d": 63.48450810965643, "r": 63.84647410726024, "u": 63.3032100401294, "s": 63.628946304275644}, "[6, 0]": {"d": 61.02094417608976, "r": 48.940541170859554, "u": 47.09148295243193, "s": 47.71205831879776}, "[7, 0]": {"r": 67.49402907179194, "u": 67.49273346532814, "s": 67.49807752582618}, "[0, 1]": {"d": 31.500000024268388, "r": 31.500000024217844, "l": 31.500000024098217, "s": 31.500000024225546}, "[1, 1]": {"d": 43.19999999999963, "r": 43.19999999999963, "l": 43.19999999999963, "u": 43.19999999999963, "s": 43.19999999999963}, "[2, 1]": {"d": 53.09999962980361, "r": 53.09999999544304, "l": 53.09999045189607, "u": 53.09999920326665, "s": 53.09999937987785}, "[3, 1]": {"d": -44.660668545690946, "r": -45.02538401097308, "l": -45.65155278978883, "u": -44.48433871893501, "s": -45.43471128071709}, "[4, 1]": {"d": 64.12765450146546, "r": 56.01266296340218, "l": 50.070587864316835, "u": 53.96285779866103, "s": 54.98992583364472}, "[5, 1]": {"d": 71.46746434074205, "r": 71.23509076035961, "l": 71.9742927522523, "u": 71.81154015720145, "s": 71.29539396432568}, "[6, 1]": {"d": 53.122559003574196, "r": 71.83935562606248, "l": 60.185367014485315, "u": 44.55902609141682, "s": 60.755227106788794}, "[7, 1]": {"r": 75.50224395982497, "l": 75.52514272813077, "u": 75.48882983276557, "s": 75.5871025366827}, "[0, 2]": {"d": 37.79999999985533, "r": 37.79999999985058, "l": 37.79999999999903, "s": 37.79999999943146}, "[1, 2]": {"d": 49.4979673922799, "r": 49.49607570680465, "l": 49.498445759578075, "u": 49.49994245341995, "s": 49.492941092503685}, "[2, 2]": {"d": 59.39997111703178, "r": 59.39999993706763, "l": 59.399995398628576, "u": 59.39998942118001, "s": 59.39999821453319}, "[3, 2]": {"d": -49.53166514023768, "r": -49.52147345919364, "l": -49.151500699318134, "u": -49.1172881849825, "s": -49.405523852591955}, "[4, 2]": {"d": 16.18570935533905, "r": 11.611067070967572, "l": 38.784422462056824, "u": 6.49901205220724, "s": 10.41975557798333}, "[5, 2]": {"d": -29.87698912000738, "r": -29.621415678464505, "l": -29.493715613030265, "u": -29.21940517638435, "s": -29.553862796515954}, "[6, 2]": {"d": 80.99698393949541, "r": 80.99998754980537, "l": 80.99851049509043, "u": 80.99870158955423, "s": 80.9992116561203}, "[7, 2]": {"r": 81.89877064684697, "l": 81.88995749111835, "u": 81.88562598768199, "s": 81.8655975734127}, "[0, 3]": {"d": 35.747689300843795, "r": 33.06928329832511, "l": 40.43753394830434, "s": 35.73211006194633}, "[1, 3]": {"d": -40.170963138354146, "r": -40.39528982357887, "l": -39.93667092651485, "u": -40.12481597099835, "s": -39.60994571848365}, "[2, 3]": {"d": 63.89999985468061, "r": 63.89995525950238, "l": 63.89997513655063, "u": 63.89991137348455, "s": 63.899899594446445}, "[3, 3]": {"d": 71.99999994197931, "r": 71.99999999987745, "l": 71.99999928240996, "u": 71.9999996733954, "s": 71.9999999391417}, "[4, 3]": {"d": 77.83074982022235, "r": 77.70311046126486, "l": 77.81875195013252, "u": 78.2559774410887, "s": 76.48928446229884}, "[5, 3]": {"d": -76.71715733814464, "r": -76.50731912456716, "l": -76.545369186111, "u": -76.6593514327, "s": -76.90248343417386}, "[6, 3]": {"d": 85.49888186338289, "r": 85.49949800245851, "l": 85.49997932163613, "u": 85.49790618954296, "s": 85.49957777659633}, "[7, 3]": {"r": 86.38294482967979, "l": 86.39685501696948, "u": 86.36339426650716, "s": 86.37307003761526}, "[0, 4]": {"d": 31.113112705082248, "r": 40.778634245478386, "l": 33.39738633264406, "s": 28.126859534841614}, "[1, 4]": {"d": -22.2108342235683, "r": -22.698279388911867, "l": -22.080368393413124, "u": -21.94909188358202, "s": -22.89220257674078}, "[2, 4]": {"d": 66.59999807852022, "r": 66.59895950158051, "l": 66.59960916189604, "u": 66.59988819651431, "s": 66.59951115879996}, "[3, 4]": {"d": 74.69999999999925, "r": 74.69999999999925, "l": 74.69999999999925, "u": 74.69999999999925, "s": 74.69999999999925}, "[4, 4]": {"d": 80.9999999999992, "r": 80.9999999999992, "l": 80.9999999999992, "u": 80.9999999999992, "s": 80.9999999999992}, "[5, 4]": {"d": 85.49999999999923, "r": 85.49999999999923, "l": 85.49999999999923, "u": 85.49999999999923, "s": 85.49999999999923}, "[6, 4]": {"d": 88.19999999999922, "r": 88.19999999999933, "l": 88.19999999999918, "u": 88.19999999999933, "s": 88.1999999999993}, "[7, 4]": {"r": 84.25315187669588, "l": 84.33336868950335, "u": 88.55716494909493, "s": 83.70119919096135}, "[0, 5]": {"d": 45.001691156307984, "l": 40.02633776593744, "s": 42.54553634567749}, "[1, 5]": {"d": 54.264172552052806, "l": 40.097456525664626, "u": 45.47273324347996, "s": 42.530228155913846}, "[2, 5]": {"d": 67.4954998693379, "l": 67.49984902965562, "u": 67.49741342787212, "s": 67.498609921596}, "[3, 5]": {"d": 75.59999999999928, "l": 75.59999999999928, "u": 75.59999999999928, "s": 75.59999999999928}, "[4, 5]": {"d": 81.89999999999924, "l": 81.89999999999924, "u": 81.89999999999924, "s": 81.89999999999924}, "[5, 5]": {"d": 86.39999999999927, "l": 86.39999999999927, "u": 86.39999999999927, "s": 86.39999999999927}, "[6, 5]": {"d": 89.10238702853617, "l": 89.10238953724978, "u": 89.10238482647267, "s": 89.10237591650852}, "[7, 5]": {"l": 991.5804170425266, "u": 957.6636603178322, "s": 980.5948167621245}}