{
    "[0, 0]": {
        "d": 50.61728575942612,
        "r": 48.73390660598359,
        "s": 47.76721288825347
    },
    "[0, 1]": {
        "d": 45.12560430230463,
        "l": 45.25069378383174,
        "r": 45.09445251600341,
        "s": 45.19245709843354
    },
    "[0, 2]": {
        "d": 37.5426750962133,
        "l": 42.63012397296607,
        "r": 34.697021082086614,
        "s": 36.21436300515187
    },
    "[0, 3]": {
        "d": 18.111435456007843,
        "l": 6.027220867456458,
        "r": 26.678716160194455,
        "s": 16.040942693391816
    },
    "[0, 4]": {
        "d": 20.11991729676682,
        "l": 25.04480406006947,
        "r": 22.194170731598987,
        "s": 18.035201222493882
    },
    "[0, 5]": {
        "d": 28.172605712175216,
        "l": 28.726328988626854,
        "s": 27.964461871034104
    },
    "[1, 0]": {
        "d": 54.80511198978274,
        "r": 50.95188423393218,
        "s": 51.59254643878725,
        "u": 53.02914296307354
    },
    "[1, 1]": {
        "d": 46.031931870077926,
        "l": 44.31620427683247,
        "r": 44.72823289869586,
        "s": 44.09469438466635,
        "u": 44.7216312004381
    },
    "[1, 2]": {
        "d": 40.249809625992654,
        "l": 36.13411008748713,
        "r": 35.57236161005198,
        "s": 30.9469573942945,
        "u": 34.905650622451304
    },
    "[1, 3]": {
        "d": 0,
        "l": 0,
        "r": 0,
        "s": 0,
        "u": 0
    },
    "[1, 4]": {
        "d": 0,
        "l": 0,
        "r": 0,
        "s": 0,
        "u": 0
    },
    "[1, 5]": {
        "d": 35.08582115776289,
        "l": 14.35721952685655,
        "s": 17.196202128513388,
        "u": 11.18170897260187
    },
    "[2, 0]": {
        "d": 59.96554671477274,
        "r": 53.07892655431822,
        "s": 53.859333096103924,
        "u": 52.10206344324473
    },
    "[2, 1]": {
        "d": 38.55956268297137,
        "l": 42.230210860016726,
        "r": 39.60850285176684,
        "s": 44.045674794871886,
        "u": 41.071600557559385
    },
    "[2, 2]": {
        "d": 35.11860426434496,
        "l": 34.35090147483939,
        "r": 34.394665100050524,
        "s": 35.739963145545254,
        "u": 37.19842195317734
    },
    "[2, 3]": {
        "d": 3.1579557095439243,
        "l": 3.029056302516252,
        "r": 50.13492802263608,
        "s": 3.7240068483022997,
        "u": 6.895524981223305
    },
    "[2, 4]": {
        "d": 11.183226372582716,
        "l": 28.72063334618193,
        "r": 64.56805075676654,
        "s": 38.46716691963674,
        "u": 6.678646074658416
    },
    "[2, 5]": {
        "d": 69.52882158715802,
        "l": 50.816196954006706,
        "s": 46.87103617991224,
        "u": 42.419048090761045
    },
    "[3, 0]": {
        "d": 63.08757486828698,
        "r": 46.63431072755109,
        "s": 47.998779598692934,
        "u": 54.38038109323932
    },
    "[3, 1]": {
        "d": 0,
        "l": 0,
        "r": 0,
        "s": 0,
        "u": 0
    },
    "[3, 2]": {
        "d": 0,
        "l": 0,
        "r": 0,
        "s": 0,
        "u": 0
    },
    "[3, 3]": {
        "d": 16.279028784028938,
        "l": 21.71899868967898,
        "r": 52.616831234270535,
        "s": 15.462025562693192,
        "u": 10.316110745467933
    },
    "[3, 4]": {
        "d": 61.33148033428326,
        "l": 58.34694159206014,
        "r": 62.120851346313536,
        "s": 67.08747316844028,
        "u": 60.171491552083296
    },
    "[3, 5]": {
        "d": 69.30474711260544,
        "l": 68.79980721668448,
        "s": 69.94607874184058,
        "u": 68.89529663265911
    },
    "[4, 0]": {
        "d": 74.50685054657956,
        "r": 72.63048889797292,
        "s": 70.80045971523384,
        "u": 71.35809897858636
    },
    "[4, 1]": {
        "d": 24.396582393249993,
        "l": 66.23465347157645,
        "r": 7.774279390438549,
        "s": 19.924951344059348,
        "u": 45.55175235313524
    },
    "[4, 2]": {
        "d": -1.9,
        "l": 3.618108249168488,
        "r": 19.317414757977538,
        "s": 2.3405945198988554,
        "u": 0.2761873093467315
    },
    "[4, 3]": {
        "d": 6.98518328337916,
        "l": 6.6241042262580105,
        "r": 12.34489011869799,
        "s": 37.248785183622346,
        "u": 14.853155427698713
    },
    "[4, 4]": {
        "d": 11.783172992623847,
        "l": 32.583055036814045,
        "r": 64.70636961949201,
        "s": 19.571224936868973,
        "u": 15.813305642759536
    },
    "[4, 5]": {
        "d": 39.267229725687486,
        "l": 34.85054432047528,
        "s": 53.010558124737265,
        "u": 61.98959417913555
    },
    "[5, 0]": {
        "d": 81.21248414947362,
        "r": 79.57608214663404,
        "s": 78.81490438111169,
        "u": 78.76543096496648
    },
    "[5, 1]": {
        "d": 82.35108754562307,
        "l": 48.08771177028021,
        "r": 54.992902933345746,
        "s": 50.03244600987786,
        "u": 31.954008563403285
    },
    "[5, 2]": {
        "d": 0,
        "l": 0,
        "r": 0,
        "s": 0,
        "u": 0
    },
    "[5, 3]": {
        "d": 0,
        "l": 0,
        "r": 0,
        "s": 0,
        "u": 0
    },
    "[5, 4]": {
        "d": 63.94356276468411,
        "l": 6.130210157209467,
        "r": 6.798613054412312,
        "s": 4.955440413580223,
        "u": 29.934545226406495
    },
    "[5, 5]": {
        "d": 23.53927840333169,
        "l": 21.596994914065757,
        "s": 6.8338702818552495,
        "u": 16.43430781380054
    },
    "[6, 0]": {
        "d": 82.25609283702477,
        "r": 83.92504076159673,
        "s": 82.8108068523966,
        "u": 82.80859651523463
    },
    "[6, 1]": {
        "d": 86.71994431938259,
        "l": 84.12160014374322,
        "r": 83.5943017948941,
        "s": 83.3871285445132,
        "u": 83.90931555288377
    },
    "[6, 2]": {
        "d": 81.69454244872723,
        "l": 72.83993853170591,
        "r": 68.40976194666567,
        "s": 59.153737879872104,
        "u": 66.97916711026926
    },
    "[6, 3]": {
        "d": 86.04299784197329,
        "l": 61.728614365903695,
        "r": 45.13777563682066,
        "s": 37.604303810149936,
        "u": 73.63591068170837
    },
    "[6, 4]": {
        "d": 73.09122999238883,
        "l": 78.33987360136082,
        "r": 71.97581131557195,
        "s": 76.37205154876479,
        "u": 65.78737969476613
    },
    "[6, 5]": {
        "d": 32.50671220796892,
        "l": 65.96457536953953,
        "s": 25.808970941753106,
        "u": 29.450151890495
    },
    "[7, 0]": {
        "r": 80.14576106910262,
        "s": 80.65197765535272,
        "u": 82.4191761156755
    },
    "[7, 1]": {
        "l": 85.99559755581957,
        "r": 90.23622346623378,
        "s": 87.16096516905154,
        "u": 87.08021756359241
    },
    "[7, 2]": {
        "l": 91.26458270088092,
        "r": 92.11407129300909,
        "s": 90.81585841622326,
        "u": 90.20470570136646
    },
    "[7, 3]": {
        "l": 92.4816752681421,
        "r": 94.80509923078648,
        "s": 91.5735939740827,
        "u": 92.83288938418069
    },
    "[7, 4]": {
        "l": 96.20388377004248,
        "r": 98.48544673897892,
        "s": 96.75079679807605,
        "u": 96.40634411064532
    },
    "[7, 5]": {
        "l": 0,
        "s": 0,
        "u": 0
    }
}